id,first_name,middle_name,last_name,birthday,gender,address
1,Thibaut,Parker,Gilmour,9/6/2023,Male,PO Box 99347
2,Kenn,Tristan,O Mullen,12/14/2023,Male,Room 1124
3,Freddy,Julio,Arrighini,10/2/2023,Male,6th Floor
4,Giraldo,Inigo,Pien,10/26/2023,Male,19th Floor
5,Auberon,Yancy,Danbrook,7/5/2023,Male,Room 432
6,Gabrila,Roselia,Gurko,6/3/2023,Female,1st Floor
7,Davy,Chariot,Dainter,4/21/2023,Male,Room 1290
8,Leonie,Winnifred,Eccott,8/1/2023,Female,Apt 1587
9,Reba,Judith,Frizell,7/10/2023,Female,8th Floor
10,Toddie,Gabe,Vanyashin,9/24/2023,Genderfluid,Suite 94
11,Montague,Rob,Brockway,2/9/2023,Male,PO Box 42259
12,Juan,Jasen,Glennon,11/7/2023,Male,12th Floor
13,Harp,Inness,McEneny,8/6/2023,Male,PO Box 9268
14,Christos,Tammie,Bravey,4/1/2023,Male,1st Floor
15,Tremain,Wald,Collyns,8/1/2023,Male,Room 308
16,Sari,Davita,Folomin,7/27/2023,Female,17th Floor
17,Valentine,Mead,Portinari,3/17/2023,Male,4th Floor
18,Nahum,Raul,Van Arsdall,6/16/2023,Male,Room 814
19,Kit,Berty,Tiley,3/19/2023,Male,6th Floor
20,Giselbert,Dominic,Ivakhnov,1/11/2024,Male,Room 111
21,Gayelord,Westbrooke,Pallesen,11/15/2023,Male,20th Floor
22,Gavra,Karina,Dalgetty,9/14/2023,Bigender,20th Floor
23,Garnet,Jolene,Brackley,3/13/2023,Female,Room 275
24,Quentin,Cecil,Lates,4/23/2023,Male,9th Floor
25,Selia,Helsa,Hyam,1/28/2024,Female,Suite 23
26,Arlee,Aloisia,Bygate,3/25/2023,Female,Apt 1382
27,Rosabelle,Reeva,Preuvost,4/10/2023,Agender,20th Floor
28,Raffaello,Lock,Robuchon,5/1/2023,Male,18th Floor
29,Jacklin,Mariette,Gibling,9/21/2023,Female,3rd Floor
30,Benyamin,Nobie,Moreno,11/27/2023,Male,PO Box 55028
31,Adan,Bertrand,Quadri,3/2/2023,Male,Suite 55
32,Querida,Florette,Carruth,4/16/2023,Agender,Suite 35
33,Nils,Cammy,Simcock,12/20/2023,Polygender,Apt 585
34,Fleming,Alyosha,Bluck,8/19/2023,Male,Room 1195
35,Shanon,Fara,Jaqueminet,9/23/2023,Female,Apt 513
36,Hartwell,Gibb,Oxenford,9/7/2023,Male,PO Box 43813
37,Gwyn,Wendy,Tromans,6/5/2023,Female,Room 648
38,Hedvig,Reba,Tidcomb,9/20/2023,Female,Room 1957
39,Conn,Lazarus,Altham,8/15/2023,Male,PO Box 71030
40,Darcee,Phylis,Valentinuzzi,4/11/2023,Female,Room 415
41,Jaine,Kassey,Doogood,10/11/2023,Female,Apt 674
42,Tim,Pryce,Clyne,1/15/2024,Male,17th Floor
43,Burke,Alfonse,Danat,3/11/2023,Male,Suite 47
44,Demetris,Herrick,Berryann,7/30/2023,Male,Suite 15
45,Granthem,Maurise,Reffe,3/12/2023,Male,Apt 935
46,Corrie,Danya,Polon,1/16/2024,Male,Apt 1703
47,Bidget,Hildegaard,Danielkiewicz,9/10/2023,Female,Apt 569
48,Angie,Isaak,Tallowin,9/29/2023,Male,Room 657
49,Malina,Marlie,Tock,3/6/2023,Female,2nd Floor
50,Queenie,Felicia,Niblett,6/19/2023,Bigender,Apt 395
51,Ky,Jock,Foltin,7/27/2023,Male,Suite 98
52,Lorne,Batholomew,Wasielewski,10/12/2023,Agender,Apt 1751
53,William,Lowrance,Kleinplac,4/6/2023,Male,Suite 4
54,Augustin,Finn,Bettington,11/29/2023,Male,PO Box 94123
55,Griff,Rory,Hammatt,1/2/2024,Male,PO Box 26268
56,Cherice,Bernadina,Solomonides,4/9/2023,Female,Suite 82
57,Ellen,Sascha,Gillingwater,5/4/2023,Female,Suite 91
58,Niki,Emelen,Sellors,2/27/2023,Male,Room 309
59,Felecia,Jaquenetta,Matyatin,7/7/2023,Female,PO Box 11016
60,Renell,Gretchen,Addess,12/30/2023,Female,Suite 89
61,Allen,Thebault,Goldman,1/31/2024,Male,1st Floor
62,Donnajean,Angil,Brimicombe,9/15/2023,Female,Room 1152
63,Edvard,Wright,Weathers,1/5/2024,Male,19th Floor
64,Bard,Myles,Glynn,11/21/2023,Male,Room 1714
65,Corabel,Christiana,Crichmere,1/27/2024,Genderfluid,Room 1783
66,Leonidas,Laurens,Lieb,2/9/2023,Male,Apt 761
67,Gian,Ashlin,de Clerq,1/13/2024,Male,PO Box 86905
68,Rolland,Sallie,Mc Gorley,1/15/2024,Genderqueer,Suite 47
69,Dagny,Trueman,Cotilard,4/22/2023,Male,19th Floor
70,Gabe,Torrence,Gearty,7/6/2023,Male,Suite 42
71,Pooh,Ashely,Dunford,2/13/2023,Non-binary,Room 30
72,Irene,Miof mela,McMurty,3/24/2023,Female,PO Box 34945
73,Norbert,Corrie,Haston,8/13/2023,Male,Room 1566
74,Obadias,Tynan,Augustine,8/9/2023,Male,13th Floor
75,Dolly,Vittoria,McQuilliam,11/7/2023,Female,PO Box 4005
76,Prince,Wait,Chagg,8/8/2023,Male,Suite 83
77,Hanny,Tootsie,Glasspool,2/22/2023,Female,Suite 57
78,Ardra,Jewel,Stiggles,8/24/2023,Female,PO Box 28733
79,Bucky,Broderic,Castellani,9/27/2023,Male,Suite 97
80,Buck,Farlay,Cabane,9/17/2023,Male,Suite 4
81,Mattie,Dennet,Aneley,1/29/2024,Male,Apt 1463
82,Collin,Ricki,Rahlof,3/28/2023,Male,Room 1323
83,Ardenia,Lelia,Worsfield,5/3/2023,Female,Room 130
84,Duky,Jeffry,Absolon,9/5/2023,Male,Room 977
85,Alex,Lauren,Juorio,11/2/2023,Male,Apt 288
86,Imogene,Brandice,Magner,8/31/2023,Female,Suite 64
87,Helli,Daloris,Oleszczak,3/6/2023,Female,Apt 291
88,Jimmie,Hervey,Heighton,3/26/2023,Male,Room 1023
89,Nowell,Clemens,Foxworthy,12/16/2023,Male,Room 467
90,Wilone,Tabbie,Dreinan,6/14/2023,Female,PO Box 38778
91,Elisa,Rhetta,Rowett,2/8/2023,Female,PO Box 62992
92,Filbert,Pepito,Joppich,8/15/2023,Male,Apt 1350
93,Shell,Frederica,Petrussi,9/20/2023,Female,Apt 789
94,Broddie,Chip,Jaksic,4/21/2023,Male,8th Floor
95,Shalom,Hamlen,Earingey,7/17/2023,Male,PO Box 45231
96,Noell,Corina,Marcroft,11/20/2023,Female,Apt 220
97,Bonni,Wallie,Kardos,11/23/2023,Female,Room 985
98,Kellsie,Alisun,Kirman,8/26/2023,Female,Suite 18
99,Paulie,Johna,Heinemann,11/9/2023,Female,16th Floor
100,Anna,Gilbertina,Curnok,8/18/2023,Female,Room 1599
101,Darsie,Fanya,Hollyar,9/20/2023,Female,Suite 4
102,Corena,Delphine,Copnar,12/22/2023,Female,Room 1691
103,Jack,Bil,Flippen,4/13/2023,Male,Suite 2
104,Averell,Rudolf,Lortz,8/22/2023,Male,PO Box 5366
105,Dov,Harley,Baldam,9/23/2023,Male,Room 1495
106,Nataline,Fawn,Behnecke,3/24/2023,Non-binary,PO Box 38408
107,Risa,Rosina,Silkstone,12/4/2023,Female,Room 1997
108,Wallis,Flory,Norssister,9/10/2023,Male,Apt 1837
109,Noach,Royall,O'Crigan,1/24/2024,Male,Apt 1622
110,Nadia,Jessalyn,Baldassi,1/3/2024,Female,Suite 44
111,Lemmy,Dex,Spick,10/9/2023,Male,Suite 30
112,Aryn,Tommy,Heather,4/16/2023,Female,Room 176
113,Harlie,Trisha,Meegan,8/4/2023,Female,9th Floor
114,Duncan,Esme,Philipot,7/29/2023,Male,9th Floor
115,Scotty,Domenic,Bowra,8/26/2023,Male,Apt 1766
116,Shaylyn,Liza,Doneld,12/31/2023,Female,Apt 805
117,Vaughn,Winn,Herche,1/1/2024,Male,Apt 712
118,Gawen,Hayward,Coning,5/30/2023,Male,PO Box 90555
119,Simon,Randi,Bru,3/7/2023,Polygender,Apt 746
120,Blaire,Shae,Gavozzi,5/11/2023,Female,Room 1776
121,Alden,Nevil,Iaduccelli,3/21/2023,Male,Room 1913
122,Emmott,Nico,Alekseicik,9/10/2023,Male,Suite 81
123,Darcey,Sherrie,Sherston,3/24/2023,Female,Suite 30
124,Page,Allsun,Gethouse,9/3/2023,Female,15th Floor
125,Brandon,Dud,Akitt,7/13/2023,Male,14th Floor
126,Aurlie,Edeline,Grombridge,5/22/2023,Female,PO Box 22528
127,Garrard,Sutherlan,Dingley,12/25/2023,Male,Room 1064
128,Calli,Georgette,Fallowfield,10/31/2023,Female,Room 807
129,Hillard,Brandie,Malden,5/30/2023,Polygender,Room 569
130,Chalmers,Garrett,Stonbridge,5/1/2023,Male,Room 241
131,Noel,Jeth,Merryweather,12/23/2023,Male,Suite 97
132,Sal,Francklyn,Coe,10/24/2023,Male,Apt 722
133,Nickie,Tedd,Gatland,6/2/2023,Male,PO Box 99654
134,Milicent,Eda,Knibb,2/2/2024,Female,Apt 184
135,Kellie,Morena,Breckenridge,1/23/2024,Female,PO Box 33451
136,Egor,Jeff,Lamprey,2/22/2023,Male,Room 1165
137,Ker,My,Wasling,10/18/2023,Male,PO Box 40232
138,Gizela,Fina,Wanklyn,9/25/2023,Female,10th Floor
139,Vassili,Lee,Bronger,11/26/2023,Male,PO Box 41597
140,Ada,Myrilla,Chimenti,9/13/2023,Female,Room 409
141,Der,Cosmo,Macenzy,8/6/2023,Male,Suite 67
142,Raff,Harwell,Shurmore,8/6/2023,Male,Room 1373
143,Essie,Pennie,Shone,11/1/2023,Polygender,Apt 642
144,Tammy,Brew,Wrightam,10/2/2023,Male,PO Box 58913
145,Ives,Lindsay,Glencross,4/6/2023,Male,PO Box 91257
146,Beulah,Tildi,Hellikes,9/18/2023,Female,Apt 247
147,Dita,Hugo,Ivimey,11/24/2023,Bigender,Room 1254
148,Donaugh,Cross,Maudett,9/22/2023,Male,Suite 8
149,Roy,Biron,Golling,12/6/2023,Male,9th Floor
150,Web,Brion,Purcell,8/24/2023,Male,PO Box 63325
151,Kara-lynn,Helga,Hackelton,11/23/2023,Female,Room 1804
152,Herc,Deane,Ellings,11/30/2023,Male,Suite 46
153,Monro,Quinlan,Reedie,2/6/2023,Male,Suite 2
154,Carol,Caye,Rotchell,7/17/2023,Female,PO Box 69743
155,Johnette,Koralle,Duggon,11/21/2023,Female,Suite 11
156,Darci,Joli,Penkethman,8/21/2023,Female,Room 1480
157,Torey,Candy,Flieg,3/4/2023,Female,Suite 84
158,Wildon,Aron,O'Farrell,12/5/2023,Male,Room 1491
159,Cecil,Oren,Sandels,5/2/2023,Male,PO Box 20343
160,Cairistiona,Max,Lohden,9/10/2023,Female,Apt 1539
161,Ardella,Pier,Stiegar,10/7/2023,Female,Room 1276
162,Chloris,Ainslie,Mathy,3/3/2023,Female,10th Floor
163,Isabeau,Corey,O'Geaney,1/17/2024,Female,Suite 39
164,Casar,Felic,Brussels,7/27/2023,Male,Apt 714
165,Kim,Sinclare,Cornick,2/7/2023,Male,PO Box 73990
166,Heindrick,Des,Coult,11/15/2023,Male,15th Floor
167,Tamas,Hakim,Corkell,8/1/2023,Male,PO Box 89358
168,Lars,Aland,Jerdon,4/3/2023,Male,Suite 21
169,Hube,Rainer,Di Gregorio,8/26/2023,Male,3rd Floor
170,Vikky,Holly-anne,Aulton,12/30/2023,Female,13th Floor
171,Gothart,Lonny,Jerrans,4/1/2023,Male,Room 1694
172,Clotilda,Misha,Hatry,1/6/2024,Female,Apt 1628
173,Doro,Cyb,Joscelyn,7/7/2023,Female,Apt 124
174,Con,Avril,Kippax,8/11/2023,Genderqueer,3rd Floor
175,Kariotta,Janaya,Haldane,11/15/2023,Female,Suite 47
176,Kaja,Gisella,Yankishin,10/28/2023,Female,Suite 8
177,Creighton,Al,Siddens,3/26/2023,Male,15th Floor
178,Gay,Annabelle,Chiplin,8/16/2023,Female,Suite 39
179,Ario,Menard,Demoge,10/3/2023,Male,Apt 1764
180,Kelila,Aggi,Barhem,11/7/2023,Female,Apt 4
181,Javier,Gian,Lewsie,10/5/2023,Male,PO Box 77884
182,Eleen,Calypso,Pring,3/22/2023,Female,Room 779
183,Almira,Molli,Janout,1/25/2024,Polygender,Room 1995
184,Rebekah,Dre,Malkin,9/9/2023,Female,Room 1536
185,Mair,Zarah,Towriss,3/21/2023,Female,PO Box 64800
186,Elenore,Tomasina,Mattheus,3/14/2023,Female,17th Floor
187,D'arcy,David,Frankcomb,12/28/2023,Male,Apt 817
188,Esmaria,Gretel,Batrim,11/23/2023,Female,Suite 39
189,Isadora,Nonnah,Reck,8/23/2023,Female,PO Box 33223
190,Martica,Adamo,Jemmison,10/12/2023,Bigender,Suite 79
191,Carlene,Teddie,Renzullo,12/1/2023,Female,Room 57
192,Myrtie,Jeanie,Rawlyns,6/16/2023,Female,Apt 1733
193,Davon,Carleton,Snoday,3/7/2023,Genderqueer,Room 808
194,Margalit,Bria,Hazelgreave,9/8/2023,Female,Apt 841
195,Christiane,Kaia,Rawdall,1/27/2024,Female,Room 1849
196,Shell,Prue,Bickardike,10/21/2023,Female,PO Box 80348
197,Jemmy,Zonda,Cran,2/21/2023,Female,PO Box 9406
198,Jackson,Euell,Balshaw,5/22/2023,Male,Room 1932
199,Ferdy,Elvyn,Miettinen,9/26/2023,Male,Apt 841
200,Cord,Jermain,Beeckx,5/30/2023,Male,PO Box 13812
201,Elwyn,Granny,Foggo,6/19/2023,Male,4th Floor
202,Phillipp,Edwin,Manuely,8/14/2023,Male,PO Box 65564
203,Kissie,Kira,Meeny,4/20/2023,Female,PO Box 39394
204,Andre,Aleksandr,Applegarth,6/29/2023,Male,Suite 67
205,Lilllie,Dorelia,Dreye,10/21/2023,Female,5th Floor
206,Nydia,Theodora,Askem,8/13/2023,Female,17th Floor
207,Abe,Humfried,Boddie,7/13/2023,Male,13th Floor
208,Garret,Inglis,Barthod,7/26/2023,Male,11th Floor
209,Nathanil,Heindrick,Leal,8/20/2023,Male,Room 1712
210,Duane,Ruddie,Kick,4/5/2023,Male,Room 1953
211,Philis,Meredithe,Rulf,6/1/2023,Female,17th Floor
212,Sibeal,Maryanne,Clifft,4/24/2023,Female,Suite 96
213,Jerrylee,Lillian,Schiesterl,2/26/2023,Female,PO Box 42783
214,Bobinette,Miran,Rubega,8/30/2023,Female,Room 230
215,Dukey,Ancell,Hartburn,5/29/2023,Male,Apt 914
216,Brocky,Ricky,Michin,10/15/2023,Male,PO Box 63704
217,Mervin,Devondra,Burd,11/9/2023,Agender,15th Floor
218,Dionysus,Peyter,Lakenden,5/24/2023,Male,Suite 18
219,Zach,Horatio,Salmen,4/22/2023,Male,Suite 29
220,Carlos,Robbert,Iamittii,6/11/2023,Male,12th Floor
221,Skelly,Petey,Goldthorpe,3/24/2023,Male,Apt 951
222,Thia,Camella,Matkin,3/14/2023,Female,PO Box 96873
223,Alexi,Liane,Hearfield,6/25/2023,Female,Suite 91
224,Sorcha,Barbara-anne,Kirgan,6/9/2023,Bigender,8th Floor
225,Ashton,Cedric,Haythorne,3/27/2023,Male,Room 158
226,Stinky,Laney,Donalson,10/6/2023,Male,2nd Floor
227,Ellsworth,Corby,Dignan,10/28/2023,Male,Room 1795
228,Jerad,Francklin,Bradd,4/18/2023,Male,PO Box 12399
229,Franklin,Jamil,Fogel,10/30/2023,Male,Room 337
230,Orelle,Raina,Lerven,7/8/2023,Female,Apt 87
231,Haydon,Sawyer,Oxherd,5/22/2023,Male,Room 421
232,Cloe,Polly,Covotto,3/26/2023,Female,PO Box 97228
233,Isabella,Geri,Lodevick,4/20/2023,Female,Suite 25
234,Emelita,Janeczka,Klimus,8/14/2023,Female,8th Floor
235,Blakelee,Cyndia,Missen,6/10/2023,Female,Suite 91
236,Garald,Oralia,Ortiger,5/4/2023,Genderqueer,Apt 1063
237,Xylina,Zacharias,Nel,12/22/2023,Non-binary,Room 1170
238,Yuma,Julio,Cunniff,5/22/2023,Male,PO Box 52032
239,Sandro,Marc,Jurges,10/20/2023,Male,Apt 384
240,Dolf,Alfredo,Lebond,6/27/2023,Male,13th Floor
241,Kaitlynn,Lorna,Dredge,7/22/2023,Female,PO Box 9020
242,Robinet,Donnie,Cashin,2/17/2023,Male,PO Box 32426
243,Elnora,Mignon,Radnage,1/27/2024,Female,Room 801
244,Henrieta,Norene,Padden,10/24/2023,Non-binary,Room 1253
245,Merrili,Maria,Loder,3/6/2023,Female,PO Box 17964
246,Norri,Roseann,Fann,8/17/2023,Female,Apt 1379
247,Thorvald,Ingrim,Pendre,12/10/2023,Male,Room 690
248,Gunner,Lon,Bianco,1/29/2024,Male,Apt 1549
249,Maryrose,Kata,Leifer,7/29/2023,Female,Suite 8
250,Reinaldo,Salem,Hamflett,7/25/2023,Male,Room 1154
251,Cairistiona,Maurene,Cockling,7/3/2023,Female,PO Box 92194
252,Cory,Veriee,Povlsen,4/23/2023,Female,12th Floor
253,Addia,Ethelda,Rihosek,8/13/2023,Female,Apt 1102
254,Faustina,Danyelle,Tourry,5/20/2023,Female,Suite 18
255,Gery,Jonie,Gehricke,7/30/2023,Genderqueer,Suite 66
256,Randa,Petunia,Spraggon,8/5/2023,Female,20th Floor
257,Mathias,Urbanus,Capper,12/19/2023,Male,Suite 72
258,Biron,Hyacinthia,Dickey,10/13/2023,Agender,Room 1633
259,Murray,Ker,O'Connel,9/13/2023,Male,Suite 24
260,Kalindi,Anneliese,Denman,7/20/2023,Female,Apt 1646
261,Kesley,Hedwiga,Kilmurray,3/17/2023,Female,Room 1877
262,Wadsworth,Stefan,Hurdwell,1/31/2024,Male,Room 794
263,Elnar,Winston,Doddemeede,5/23/2023,Male,PO Box 8292
264,Cullen,Noland,Bowich,3/12/2023,Male,3rd Floor
265,Camel,Cornela,Conroy,2/27/2023,Female,Apt 1047
266,Ximenez,Zelig,Moulson,6/29/2023,Male,Apt 684
267,Kiel,Lisette,Ferneyhough,9/27/2023,Agender,Suite 53
268,Toby,Ezechiel,Somerfield,5/26/2023,Male,16th Floor
269,Jean,Freddie,Jacquest,4/18/2023,Female,Suite 90
270,Cecilio,Filmer,Thibodeaux,10/10/2023,Male,Suite 4
271,Zacharia,Garold,Izakovitz,3/15/2023,Male,Room 1604
272,Ned,Hussein,Truswell,10/24/2023,Male,PO Box 59143
273,Tamma,Vina,Langstaff,8/31/2023,Female,PO Box 34905
274,Claiborne,Del,Draper,8/8/2023,Male,Suite 28
275,Raye,Lyssa,Domerq,3/5/2023,Female,Apt 737
276,Ami,Elie,Van Saltsberg,10/29/2023,Female,Suite 54
277,Doro,Early,O'Quin,2/16/2023,Polygender,17th Floor
278,Kennett,Phip,Hollingdale,6/20/2023,Male,PO Box 83139
279,Arabele,Janelle,Boase,6/3/2023,Female,Room 975
280,Zorine,Jacquenetta,Leil,9/26/2023,Female,Room 784
281,Orton,Haywood,Thickpenny,3/30/2023,Male,PO Box 39753
282,Man,Nil,Massenhove,6/26/2023,Male,Room 942
283,Benjy,Ross,Jenton,8/11/2023,Male,7th Floor
284,Celeste,Rochette,Ruddiforth,8/25/2023,Female,Suite 93
285,Lindsey,Marrilee,Lackington,12/16/2023,Female,7th Floor
286,Yardley,Elisha,Santora,3/18/2023,Male,Apt 1821
287,Blaine,Bran,Markova,5/1/2023,Male,PO Box 42041
288,Gayleen,Catherina,Alden,5/1/2023,Female,Apt 111
289,Freeland,Jard,Tunnoch,10/8/2023,Male,Apt 1590
290,Magdalene,Billy,Gommey,3/14/2023,Female,PO Box 86337
291,Gracia,Fredericka,Shepherdson,10/8/2023,Female,Suite 99
292,Ernestine,Nonah,Egglestone,1/8/2024,Female,Apt 1821
293,Perl,Aloise,Grimwood,11/27/2023,Female,18th Floor
294,Marc,Staffard,Syvret,12/8/2023,Bigender,15th Floor
295,Templeton,Zedekiah,O'Cannan,11/13/2023,Male,PO Box 31602
296,Quentin,Karyn,Fundell,9/22/2023,Female,Room 1178
297,Langsdon,Sigismundo,Claypoole,8/11/2023,Male,Apt 1690
298,Teddie,Lamar,Pumfrett,5/1/2023,Male,Room 1969
299,Britni,Pauli,Honatsch,4/19/2023,Polygender,Suite 27
300,Barbe,Harrie,Du Plantier,8/11/2023,Female,Apt 1901
301,Crin,Lonni,Abram,1/5/2024,Female,Room 311
302,Freddie,Johnathon,Steiner,8/1/2023,Male,Apt 386
303,Gearalt,Laurena,Mingasson,9/29/2023,Agender,Apt 296
304,Bess,Ruthanne,Cromett,11/4/2023,Female,Apt 1429
305,Cassondra,Shay,Brumby,6/11/2023,Genderfluid,Suite 65
306,Mayor,Hatty,Jeffs,12/15/2023,Non-binary,PO Box 26215
307,Eugen,Denney,Eshelby,11/11/2023,Male,Suite 25
308,Sherm,Duffie,Tomblett,4/11/2023,Male,Apt 1308
309,Seward,Pacorro,Clynman,2/3/2024,Male,12th Floor
310,Brice,Gearalt,Roux,1/14/2024,Male,PO Box 45948
311,Lea,Arden,Errigo,6/21/2023,Female,Suite 44
312,Christophe,Theodore,Aughton,4/1/2023,Male,Room 740
313,Myra,Alexina,Simonson,10/30/2023,Female,Suite 68
314,Adaline,Delinda,Liston,4/21/2023,Female,Room 108
315,Georges,Clem,Mattin,5/7/2023,Male,PO Box 49414
316,Stanford,Cornie,Brise,6/14/2023,Bigender,Suite 37
317,Penny,Alistair,Paeckmeyer,1/12/2024,Male,Room 1745
318,Shae,Dorothee,Perllman,2/9/2023,Female,Suite 58
319,Mano,Pace,Faccini,7/19/2023,Male,20th Floor
320,Galina,Dix,Confait,10/1/2023,Female,6th Floor
321,Jorry,Twila,Rablin,6/25/2023,Female,Apt 654
322,Baudoin,Kingsly,Carass,12/27/2023,Male,Room 1309
323,Walton,Cullie,Cardozo,5/20/2023,Male,PO Box 55769
324,Skippie,Jaime,Katz,8/24/2023,Male,Suite 82
325,Chet,Leonelle,Letessier,10/24/2023,Agender,PO Box 59983
326,James,Garey,Niess,4/22/2023,Male,Room 257
327,Bernarr,Mannie,Skerritt,8/30/2023,Male,Suite 65
328,Sasha,Clair,Gritten,5/21/2023,Genderqueer,Apt 380
329,Early,Dominick,Bertl,10/12/2023,Male,Suite 86
330,Sissy,Susy,Raffles,6/5/2023,Female,14th Floor
331,Joeann,Willie,Corragan,2/14/2023,Female,Apt 1626
332,Quinton,Rog,Glendzer,7/19/2023,Male,PO Box 4346
333,Clint,Carlos,Filippo,7/6/2023,Male,Suite 38
334,Duffie,Munroe,Bowry,12/18/2023,Male,Suite 26
335,Nicola,Kippie,O'Fogarty,6/29/2023,Male,Suite 51
336,Joannes,Lilas,Lyfe,7/15/2023,Female,Room 594
337,Flossi,Etheline,Keable,9/14/2023,Female,Apt 1872
338,Goraud,Natty,Rimmington,8/13/2023,Male,Suite 40
339,Caritta,Frankie,Skoggins,6/9/2023,Female,PO Box 42801
340,Andrey,Lowe,Blaxall,4/4/2023,Male,14th Floor
341,Darrin,Sayres,Gatteridge,12/22/2023,Male,PO Box 26670
342,Lyndel,Clarita,Poulsen,5/7/2023,Polygender,12th Floor
343,Atalanta,Cindy,Weld,4/25/2023,Female,Room 988
344,Felike,Luigi,Clampe,7/24/2023,Male,Room 187
345,Dewey,Read,Horley,12/25/2023,Male,Suite 42
346,Kara-lynn,Cairistiona,Antonioni,3/1/2023,Female,PO Box 95112
347,Karlee,Carmelina,Townend,4/4/2023,Female,Room 242
348,Anatole,Mathe,Schrir,8/21/2023,Male,17th Floor
349,Tory,Bryna,Huncoot,11/20/2023,Female,Suite 70
350,Garry,Andros,Antonellini,3/3/2023,Male,12th Floor
351,Romeo,Gifford,De La Coste,2/14/2023,Male,Room 1995
352,Thorpe,Jeth,Dehmel,4/13/2023,Male,Suite 23
353,Isidro,Wolfie,Rose,8/15/2023,Male,PO Box 22466
354,David,Reginauld,Tunny,8/25/2023,Male,Room 323
355,Rabi,Iorgo,Tortoise,8/27/2023,Male,14th Floor
356,Brucie,Glynn,Prandoni,4/4/2023,Male,PO Box 69119
357,Bertram,Brendan,Vollam,10/27/2023,Male,PO Box 15163
358,Pete,Margit,Kingstne,1/16/2024,Agender,Suite 19
359,Jo,Catha,Ormes,10/9/2023,Female,1st Floor
360,Lelah,Dianna,Drewet,11/29/2023,Female,6th Floor
361,Mata,Fraser,Skillitt,6/23/2023,Male,PO Box 20868
362,Thorvald,Bruce,Ivannikov,9/6/2023,Male,Room 1145
363,Susana,Christian,Polland,5/5/2023,Female,Room 88
364,Rob,Burnaby,Veryard,12/30/2023,Male,7th Floor
365,Emili,Retha,Criple,8/10/2023,Female,10th Floor
366,Tab,Mathias,Fawdrey,6/25/2023,Male,Apt 1559
367,Vanya,Sayers,Bissell,4/18/2023,Bigender,Room 573
368,Evangelina,Leoline,Tarbard,9/17/2023,Female,Suite 45
369,Kurt,Eduardo,Gilbertson,10/17/2023,Male,Room 549
370,Merrily,Roseanne,Westrey,3/3/2023,Female,Room 213
371,Basil,Ingrim,Goldsack,8/14/2023,Male,Apt 845
372,Colene,Phylis,Abys,4/6/2023,Female,Room 933
373,Mata,Rosamond,Detoile,7/3/2023,Agender,Suite 23
374,Nyssa,Floris,Cecere,8/10/2023,Female,Apt 1408
375,Olia,Zara,Seifenmacher,5/22/2023,Female,Apt 287
376,Creighton,Augustina,Crease,10/22/2023,Bigender,PO Box 48678
377,Odette,Malissa,McRinn,12/16/2023,Female,6th Floor
378,Janela,Meghan,Passie,3/23/2023,Female,Room 666
379,Ema,Eliza,Tatersale,9/2/2023,Female,Apt 958
380,Garrik,Klaus,Varfolomeev,4/27/2023,Male,Suite 29
381,Shel,Salaidh,Seamer,5/6/2023,Female,Room 1907
382,Batsheva,Sonni,Plaskitt,1/27/2024,Female,PO Box 58197
383,Helen-elizabeth,Dede,Laugherane,4/25/2023,Female,PO Box 90937
384,Felita,Gwenette,Sedwick,4/25/2023,Female,PO Box 17112
385,Wainwright,Jerry,Corkan,3/7/2023,Male,10th Floor
386,Sigfried,Barri,Gaywood,5/18/2023,Male,Apt 751
387,Aubine,Maryjo,Slowcock,7/1/2023,Female,Suite 34
388,Waylin,Derk,Cahey,11/13/2023,Male,Suite 41
389,Nicolina,Tiffie,Marjot,6/28/2023,Female,Suite 20
390,Ethelyn,Anastasia,Royds,6/1/2023,Female,Room 506
391,Shantee,Nananne,Bartlam,3/16/2023,Female,Suite 15
392,Natassia,Roseanna,Beeckx,7/14/2023,Female,Suite 54
393,Nick,Ludovico,McQuorkell,6/7/2023,Male,Suite 79
394,Dyane,Reamonn,Matusov,11/8/2023,Bigender,PO Box 93988
395,Parke,Salvatore,Juppe,10/15/2023,Male,Suite 9
396,Julee,Trista,Height,3/15/2023,Female,Apt 60
397,Selby,Osgood,Clappison,2/26/2023,Male,PO Box 18168
398,Zebulen,Allin,Silver,4/10/2023,Male,Apt 970
399,Jeno,Bengt,Loache,6/12/2023,Male,PO Box 99713
400,Donn,Noak,Dunnett,11/9/2023,Male,Room 1686
401,Zita,Birgit,Siddell,4/26/2023,Female,Suite 65
402,Garik,Zebedee,Andreev,12/5/2023,Male,Room 1309
403,Malorie,Rhea,Cantle,2/4/2024,Female,Apt 1666
404,Keelby,Shannan,Leedes,7/20/2023,Male,11th Floor
405,Crissy,Chrysa,Worviell,7/6/2023,Female,PO Box 23888
406,Anatollo,Ozzy,Worcester,12/28/2023,Male,Apt 949
407,Kayne,Westley,Flament,8/30/2023,Male,Suite 94
408,Leyla,Marigold,Dussy,2/20/2023,Female,Room 770
409,Bron,Cornell,Braunton,5/1/2023,Male,PO Box 39420
410,Rip,Cris,Waller,8/8/2023,Male,4th Floor
411,Yovonnda,Gilly,Moule,1/3/2024,Female,Suite 60
412,Tami,Giulietta,Couchman,11/20/2023,Female,7th Floor
413,Benedict,Aldin,Culy,7/6/2023,Male,16th Floor
414,Elvina,Rochelle,Espin,4/15/2023,Female,PO Box 46125
415,Sully,Jodie,Vennard,12/31/2023,Male,PO Box 48768
416,Nero,Artair,Littlepage,9/4/2023,Male,PO Box 20487
417,Maryann,Catlin,Gandrich,10/23/2023,Female,Suite 7
418,Anastasie,Wendi,Moncaster,2/7/2023,Non-binary,Apt 625
419,Kerwinn,Natalie,MacColl,7/27/2023,Polygender,17th Floor
420,Hodge,Sibyl,Larrad,2/26/2023,Male,Suite 70
421,Cari,Nerti,Wellwood,10/28/2023,Female,Room 1965
422,Belle,Catherina,Bootherstone,6/11/2023,Female,Suite 8
423,Delaney,Ingmar,Athowe,9/3/2023,Male,7th Floor
424,Kimberlee,Patience,Bratten,3/14/2023,Female,Suite 88
425,Norry,Dwight,Bradborne,10/21/2023,Male,Apt 1677
426,Gerrilee,Arleyne,Cator,5/4/2023,Female,Room 1473
427,Kristoforo,Major,Oldroyd,9/8/2023,Male,Suite 31
428,Annabell,Ariella,Kenworthy,12/27/2023,Female,Room 755
429,Buffy,Dulce,Halleybone,4/11/2023,Female,8th Floor
430,Paige,Tally,Morais,8/31/2023,Male,Room 480
431,Lyndel,Reine,Adame,6/6/2023,Female,3rd Floor
432,Massimo,Esme,Brosnan,10/1/2023,Male,PO Box 73605
433,Anabal,Jennilee,Meader,7/14/2023,Female,PO Box 33569
434,Jemmie,Gwendolyn,Arnaudi,11/24/2023,Female,12th Floor
435,Iver,Benedikt,Gosford,4/13/2023,Genderqueer,Room 1347
436,Sinclare,Boyd,Langland,9/16/2023,Male,Room 1256
437,Sammie,Patsy,Sailor,11/23/2023,Male,Room 831
438,Lissa,Joane,Cubuzzi,7/20/2023,Female,Apt 1801
439,Matteo,Leeland,Largent,11/4/2023,Male,11th Floor
440,Darby,Anderson,Swede,6/24/2023,Male,PO Box 76045
441,Ulises,Jozef,Maccaddie,11/15/2023,Male,Suite 69
442,Gael,Ole,Pawlata,6/1/2023,Male,Apt 1526
443,Templeton,Irwinn,Andrault,5/23/2023,Male,PO Box 31376
444,Renault,Jody,Backson,8/9/2023,Male,Room 1630
445,Sanderson,Francois,Avrasin,9/7/2023,Male,Room 879
446,Lela,Roz,O'Driscole,5/29/2023,Genderqueer,11th Floor
447,Adan,Adan,Cisco,3/9/2023,Male,PO Box 96771
448,Vivyanne,Crissy,Breinlein,10/18/2023,Female,Apt 650
449,Boot,Garv,Waszczyk,11/20/2023,Male,Apt 572
450,Barrie,Ade,Swiffin,7/10/2023,Male,PO Box 42672
451,Iormina,Barbabas,Broadbury,5/29/2023,Polygender,PO Box 1540
452,Kennett,Gibb,Dinnage,4/23/2023,Male,6th Floor
453,Forrest,Ruddy,Lohoar,9/24/2023,Male,Apt 279
454,Sascha,Jilleen,Giron,10/25/2023,Female,18th Floor
455,Berkie,Holly,Kitcher,9/21/2023,Male,Suite 71
456,Haywood,Rich,Emlin,9/19/2023,Male,1st Floor
457,Calla,Janna,Semonin,2/4/2024,Female,Room 462
458,Petronilla,Sapphire,Nazareth,9/26/2023,Female,13th Floor
459,Sherwynd,Lorry,Dubarry,8/6/2023,Male,Suite 50
460,Ruggiero,Tobit,Bette,2/4/2024,Male,Apt 1706
461,Alard,Morrie,Ferreira,10/12/2023,Male,Room 1914
462,Joella,Faydra,Spoure,4/2/2023,Female,7th Floor
463,Massimiliano,Alexandros,Cotgrave,7/29/2023,Male,Apt 24
464,Ortensia,Dane,Dobrovsky,10/7/2023,Polygender,Suite 49
465,Davidde,Edd,Pursehouse,5/1/2023,Male,Suite 77
466,Darrick,Aubrey,Ibbott,6/17/2023,Male,Room 885
467,Bobette,Noelyn,Worsnip,12/29/2023,Female,PO Box 94552
468,Thibaud,Perren,Whatford,1/8/2024,Male,Suite 99
469,Wilie,Harlie,Dundridge,7/13/2023,Female,Apt 1425
470,Edik,Carter,Snoden,1/12/2024,Male,Apt 130
471,Aron,Haley,Stubbington,9/21/2023,Male,PO Box 24763
472,Herbert,Kane,Molen,5/1/2023,Male,PO Box 42985
473,Hermina,Bernetta,Roslen,12/19/2023,Female,PO Box 29782
474,Loraine,Aurelie,Bossingham,11/30/2023,Agender,Room 1853
475,Lavinie,Philly,Sprowell,8/10/2023,Female,Room 765
476,Lonna,Eyde,Meysham,12/25/2023,Female,Apt 1521
477,Ruttger,Waldon,Adnett,8/23/2023,Male,Room 449
478,Petronella,Norine,Brolly,7/1/2023,Female,Suite 46
479,Gustie,Gabie,Triggle,9/10/2023,Female,Apt 1476
480,Elmira,Sophi,Evenden,9/17/2023,Female,PO Box 71021
481,Kare,Shayla,Matteacci,7/18/2023,Female,PO Box 67295
482,Agathe,Hedda,Tunnock,6/4/2023,Polygender,Apt 448
483,Justine,Glyn,Gingedale,7/1/2023,Polygender,Apt 70
484,Janenna,Hildegaard,Mengo,2/20/2023,Female,Room 905
485,Franni,Fidelity,Atkinson,3/1/2023,Female,Room 1159
486,Nita,Millard,Blincoe,6/6/2023,Bigender,PO Box 65127
487,Pedro,Hillery,Schachter,9/12/2023,Male,8th Floor
488,Aubert,Norman,Keddy,3/5/2023,Male,Room 71
489,Jamesy,Fairlie,Silman,5/21/2023,Male,Suite 14
490,Caddric,Valentino,Kingsland,8/15/2023,Male,11th Floor
491,Bronson,Hillery,Ninnotti,6/23/2023,Male,Room 1822
492,Durante,Patsy,Confait,12/20/2023,Male,Apt 906
493,Aggi,Annissa,Jahan,2/19/2023,Female,Apt 1637
494,Jamil,Washington,Shovlin,11/13/2023,Male,Suite 38
495,Benny,Barris,Moulden,9/20/2023,Male,Suite 43
496,Jolyn,Amelina,Clemmow,1/10/2024,Female,Apt 1089
497,Burton,Egbert,Lackinton,10/2/2023,Male,Room 454
498,Kelly,Ettore,Vince,8/3/2023,Male,16th Floor
499,Frans,Pavel,Jime,3/27/2023,Male,5th Floor
500,Gay,Jon,Thebeau,3/4/2023,Male,2nd Floor
501,Eustacia,Coraline,Yglesia,12/27/2023,Female,PO Box 69584
502,Jedd,Baird,Del Dello,8/10/2023,Male,PO Box 24688
503,Derry,Stanly,Pock,8/12/2023,Male,PO Box 28031
504,Fairlie,Dennison,Murra,6/3/2023,Male,Suite 62
505,Kilian,Beatrisa,Gook,3/29/2023,Polygender,5th Floor
506,Bethina,William,Vaneschi,4/28/2023,Genderfluid,14th Floor
507,Virge,Onfre,Mousby,3/18/2023,Male,PO Box 78415
508,Natassia,Doloritas,MacPaike,2/14/2023,Female,Suite 93
509,Neysa,Carolyn,Tasseler,2/5/2024,Female,PO Box 4347
510,Lorens,Edmon,Raynham,5/15/2023,Male,Apt 690
511,Huntington,Lyell,Lease,10/9/2023,Male,Room 1310
512,Orion,Conrad,Cann,7/27/2023,Male,Suite 94
513,Timotheus,Orville,Wiggam,2/8/2023,Male,PO Box 61066
514,Fulton,Winnie,Dunstan,7/13/2023,Male,PO Box 65992
515,Ruthe,Abagail,Sudron,1/10/2024,Female,Room 1482
516,Kynthia,Garnette,Hardware,4/1/2023,Female,Suite 34
517,Tiffani,Kristine,Stitle,3/13/2023,Non-binary,Apt 1813
518,Nanette,Alvina,Bunner,8/3/2023,Female,Apt 497
519,Ryann,Arlana,Croster,7/23/2023,Female,7th Floor
520,Flss,Karalynn,O'Donnell,6/5/2023,Female,Apt 1243
521,Glyn,Bastian,Tatnell,2/4/2024,Male,Apt 1085
522,Myrvyn,Brucie,Cluff,8/10/2023,Male,Room 249
523,Emalia,Saba,Broom,11/2/2023,Female,Suite 27
524,Lyssa,Raina,Creser,2/16/2023,Female,Apt 186
525,Guillermo,Hamid,Gawne,2/14/2023,Male,Suite 67
526,Angelo,Erhart,MacKellen,5/29/2023,Male,Apt 1334
527,Haily,Tomlin,Ianni,7/13/2023,Male,Apt 665
528,Sisile,Isidora,Penright,5/30/2023,Female,PO Box 54349
529,Jeromy,Dunc,Swanborough,5/1/2023,Male,Apt 1614
530,Kevon,Annamaria,Wildman,12/20/2023,Non-binary,2nd Floor
531,Gardener,Kenon,Whitloe,7/18/2023,Male,PO Box 64401
532,Cyndia,Coretta,Pauls,6/7/2023,Female,Suite 75
533,Krystalle,Suzanna,Paynton,8/26/2023,Female,Apt 1719
534,Sharleen,Dode,Stichel,1/2/2024,Female,Apt 1729
535,Jilly,Marylin,Curner,9/20/2023,Female,10th Floor
536,Benson,Raphael,Seagrove,9/5/2023,Male,Suite 55
537,Reynold,Base,McNern,7/1/2023,Male,4th Floor
538,Roarke,Nevile,Denisovich,5/12/2023,Male,PO Box 85225
539,Wilone,Janine,Boyes,12/17/2023,Female,Apt 945
540,Debor,Ammamaria,Zorzoni,2/16/2023,Female,Apt 1403
541,Fidole,Wesley,Randles,4/29/2023,Male,Suite 79
542,Cahra,Christan,Goodlatt,11/27/2023,Female,Room 1568
543,Carleen,Marybeth,Simyson,7/29/2023,Non-binary,Suite 46
544,Edi,Jilleen,Wabe,5/6/2023,Female,12th Floor
545,Aristotle,Codee,Couchman,10/21/2023,Polygender,Suite 37
546,Kale,Heall,Grayne,5/2/2023,Male,4th Floor
547,Zed,Brandtr,Hayes,9/21/2023,Male,15th Floor
548,Corey,Lucretia,Horrod,5/30/2023,Female,Room 769
549,Rufus,Tabb,Harrap,5/14/2023,Male,Room 1332
550,Kimmi,Jobie,Jinkin,4/29/2023,Female,Suite 2
551,Camala,Aprilette,Paxforde,2/13/2023,Female,Room 843
552,Rudd,Killy,Smallcomb,12/10/2023,Male,PO Box 96152
553,Charmaine,Cristi,Eacott,9/11/2023,Female,PO Box 90846
554,Berke,Rudolfo,de Keyser,1/30/2024,Male,Apt 782
555,Pippa,Donetta,Arboine,12/30/2023,Female,Apt 670
556,Pollyanna,Marigold,Martina,3/13/2023,Female,PO Box 55910
557,Denis,Clerc,Benion,12/14/2023,Male,Apt 1898
558,Ofelia,Yoko,Vallintine,11/14/2023,Female,Apt 828
559,Hadrian,Delainey,Croker,10/15/2023,Male,PO Box 38192
560,Suzy,Katina,Hothersall,1/13/2024,Female,4th Floor
561,Marguerite,Nikoletta,Koenen,7/12/2023,Female,PO Box 15042
562,Isadore,Nicolis,Poundsford,11/28/2023,Male,Room 1406
563,Blondy,Zoe,Litherborough,7/15/2023,Female,PO Box 39100
564,Scarlet,Mireielle,Whelpdale,10/12/2023,Female,PO Box 1595
565,Cordi,Joyann,Alsopp,6/29/2023,Female,Apt 1963
566,Ad,Billie,Janaszkiewicz,4/25/2023,Male,14th Floor
567,Timofei,Talbot,Petraitis,6/28/2023,Male,19th Floor
568,Rockey,Andrej,Brattell,10/15/2023,Male,Apt 1460
569,Tildy,Prudy,Dace,7/30/2023,Female,PO Box 54131
570,Ewell,Saxe,Selby,12/30/2023,Male,PO Box 76929
571,Celestina,Lorri,Exter,2/28/2023,Female,Room 1650
572,Mart,Egan,Neathway,8/1/2023,Male,Room 1230
573,Maren,Sonnnie,Skinley,3/27/2023,Female,20th Floor
574,Vladimir,Aldin,Barritt,6/12/2023,Male,Suite 98
575,Lockwood,Rodge,Barkus,4/25/2023,Male,Room 519
576,Riannon,Clarice,Salsbury,8/24/2023,Female,Suite 100
577,Fara,Charmaine,Mathwin,1/7/2024,Female,Room 557
578,Sybyl,Charmane,Sherville,10/11/2023,Female,Suite 68
579,Arlyne,Loutitia,Darlaston,2/28/2023,Female,PO Box 77162
580,Caitrin,Cathee,Dudding,12/10/2023,Female,PO Box 16711
581,Leeann,Anna-maria,Leavesley,6/22/2023,Female,PO Box 68486
582,Harold,Jeremias,Goude,2/4/2024,Male,20th Floor
583,Dorian,Bourke,Eustace,5/2/2023,Male,Apt 1717
584,Major,Yardley,Anstee,1/30/2024,Male,Apt 509
585,Sutherlan,Belicia,Martellini,4/19/2023,Genderqueer,Apt 211
586,Laurice,Rikki,Ambrodi,12/26/2023,Female,Apt 498
587,Raffaello,Averell,Kerwood,4/9/2023,Male,PO Box 5216
588,Thedrick,Tanny,Lathom,1/27/2024,Male,14th Floor
589,Chlo,Velvet,Gaywood,8/18/2023,Female,PO Box 55727
590,Arie,Langston,Ianne,11/14/2023,Male,Apt 649
591,Alexi,Simonette,Yitzhakov,8/10/2023,Female,Suite 33
592,Rosalia,Gabriell,Vizor,4/28/2023,Female,Room 35
593,Celesta,Netty,Estevez,1/18/2024,Female,Room 830
594,Dodi,Koressa,Ivanin,5/10/2023,Female,Room 1845
595,Consalve,Trish,Iggo,8/21/2023,Agender,Apt 42
596,Madonna,Melisse,Crompton,2/22/2023,Female,Suite 44
597,Loralyn,Karon,MacClenan,6/4/2023,Female,Suite 21
598,Skippy,Yorke,Dreelan,12/1/2023,Male,PO Box 43172
599,Humfrey,Jarrid,Yeoman,9/17/2023,Male,2nd Floor
600,Nancie,Frank,Chasmoor,12/4/2023,Female,Apt 152
601,Zelma,Joleen,Alyoshin,2/11/2023,Non-binary,PO Box 61444
602,Shirlee,Marci,Luckings,12/14/2023,Female,13th Floor
603,Kilian,Margeaux,Lindegard,4/8/2023,Bigender,Apt 1649
604,Muhammad,Nolan,Antwis,4/17/2023,Male,PO Box 45707
605,Hershel,Merwyn,Tuff,7/2/2023,Male,4th Floor
606,Annabal,Cathyleen,Gedling,5/21/2023,Female,Apt 427
607,Norri,Tedda,Prall,6/27/2023,Female,Room 808
608,See,Sidnee,Baudain,4/8/2023,Male,19th Floor
609,Garrot,Jude,Humbatch,9/7/2023,Bigender,Apt 1528
610,Katharina,Kelly,Cosham,12/9/2023,Female,Room 1241
611,Jesse,Oralie,Boyson,6/16/2023,Female,PO Box 72417
612,Garnet,Prisca,Mitham,12/3/2023,Female,Room 1326
613,Lian,Reina,Gallymore,9/4/2023,Female,PO Box 75679
614,Horton,Gunther,Kopp,4/16/2023,Male,Apt 1377
615,Eva,Gertrude,Mowsdale,1/7/2024,Female,PO Box 89504
616,Willie,Letitia,McMurray,11/16/2023,Female,PO Box 47763
617,Matthew,Alvan,Van den Broek,3/10/2023,Male,Apt 264
618,Kriste,Ceciley,Friend,1/8/2024,Female,Room 1139
619,Sholom,Martainn,Berthot,5/12/2023,Male,PO Box 84820
620,Aime,Gae,Gleeton,4/1/2023,Female,Apt 1917
621,Vivyanne,Stormy,Stirgess,2/15/2023,Female,Room 1086
622,Lillian,Edna,Reely,9/20/2023,Female,12th Floor
623,Kahaleel,Jarid,Youthed,3/6/2023,Male,Room 282
624,Xylia,Lura,Pfertner,11/19/2023,Female,Room 27
625,Isidor,Monte,Normanville,6/24/2023,Male,Suite 91
626,Annelise,Nyssa,Nelthorpe,3/3/2023,Female,Apt 809
627,Ranique,Adelaida,Cottrill,5/23/2023,Female,Apt 545
628,Carr,Natale,Bearns,3/1/2023,Male,6th Floor
629,Ralph,Chrisy,Adamski,11/2/2023,Male,Suite 40
630,Horst,Silvain,Janata,6/18/2023,Male,5th Floor
631,Brigham,Frederick,Caygill,10/8/2023,Male,PO Box 28446
632,Darn,Yard,Spellsworth,9/22/2023,Male,Suite 41
633,Jarad,Ferris,Folker,10/1/2023,Male,Apt 554
634,Gibby,Ugo,McEnhill,7/5/2023,Male,Apt 881
635,Taddeo,Nikki,Crielly,10/29/2023,Male,Apt 655
636,Ive,Harris,Greenard,6/16/2023,Male,Apt 162
637,Cornie,Erasmus,Keene,7/27/2023,Male,Apt 805
638,Donnie,Ev,Cayette,9/30/2023,Male,Room 1477
639,Gabriele,Kane,Solano,2/27/2023,Male,Suite 36
640,Horacio,Deni,Taffe,8/14/2023,Genderqueer,PO Box 30937
641,Sheila-kathryn,Merrielle,Scoterbosh,5/9/2023,Non-binary,PO Box 24184
642,Rhianon,Adrian,Ody,3/31/2023,Female,PO Box 70752
643,Emlynn,Karlen,Pilling,11/28/2023,Polygender,Suite 99
644,Bryna,Carolee,Slarke,8/30/2023,Female,Room 1021
645,Vincents,Lorrie,Hortop,7/14/2023,Male,PO Box 71930
646,Alec,Cal,Berr,9/2/2023,Male,Suite 44
647,Vergil,Rollin,Luesley,8/28/2023,Male,Suite 90
648,Albrecht,Edlin,Fearey,12/22/2023,Male,Suite 21
649,Nanice,Sybil,Cherrie,3/26/2023,Female,Room 329
650,Aleda,Raquel,Langstrath,6/27/2023,Female,Apt 406
651,Mile,Henderson,Braben,5/8/2023,Male,Room 789
652,Jolie,Korie,Christmas,9/3/2023,Female,Room 1343
653,Ricard,Hilary,Lodeke,9/12/2023,Genderqueer,Suite 63
654,Helen-elizabeth,Lu,Ranken,3/15/2023,Female,PO Box 48043
655,Rafaelia,Valaria,Adamovitch,10/3/2023,Female,Room 1349
656,Deedee,Fiona,Greenaway,8/17/2023,Female,Apt 1509
657,Sophie,Arabela,Gorgl,12/22/2023,Female,15th Floor
658,Archambault,Bank,Shilleto,2/22/2023,Male,Suite 90
659,Alvy,Marshall,Sedgefield,4/19/2023,Male,Suite 14
660,Bridgette,Ernesta,Spollen,2/8/2023,Female,Room 647
661,Gavra,Guillemette,Shird,3/14/2023,Female,Room 231
662,Olin,Tobit,Lammin,7/31/2023,Male,Apt 1908
663,Olav,Saw,Halso,7/20/2023,Male,Suite 81
664,Stanwood,Demetrius,Kondratovich,8/7/2023,Male,Suite 80
665,Carlye,Merrili,Desantis,9/19/2023,Female,Apt 356
666,Ced,Lemmy,Miranda,9/10/2023,Male,Apt 1293
667,Carlen,Arty,Rayner,1/13/2024,Polygender,Room 1684
668,Kelsey,Mandy,Beynkn,11/7/2023,Female,PO Box 36461
669,Cacilia,Ida,McGettigan,9/15/2023,Female,Suite 97
670,Glenda,Tommie,Guerrazzi,7/16/2023,Female,PO Box 78751
671,Cleve,Mozes,Buckenhill,9/18/2023,Male,6th Floor
672,Kassie,Shandeigh,Beckhouse,12/26/2023,Agender,Suite 62
673,Woodie,Cesaro,Markwick,6/11/2023,Male,5th Floor
674,Vera,Elbertine,Giddins,6/5/2023,Female,Room 1258
675,Israel,Vladamir,Birkin,6/10/2023,Genderqueer,Room 1007
676,Callean,Erich,Swidenbank,11/12/2023,Male,Room 336
677,Kaye,Abbe,Tams,4/1/2023,Female,Suite 35
678,Perla,Rosella,Besnard,8/22/2023,Female,Room 609
679,Demetri,Steven,Kainz,10/23/2023,Male,Suite 97
680,Hy,Abeu,Guare,12/23/2023,Male,PO Box 7835
681,Denny,Berrie,Varrow,6/9/2023,Female,Room 1768
682,Rona,Jacki,Oldaker,11/26/2023,Female,Suite 60
683,Percival,Garold,Flaunier,6/25/2023,Male,PO Box 36003
684,Berrie,Dee dee,Rainbow,5/1/2023,Female,PO Box 14280
685,Gardy,Ludwig,Wince,4/25/2023,Male,Suite 14
686,Pebrook,Teodor,Ranger,8/20/2023,Male,Suite 8
687,Bay,Godart,Pengelley,10/26/2023,Male,Apt 1028
688,Hugues,Elisha,Lorant,8/26/2023,Male,Room 1202
689,Jared,Kyle,Kach,6/29/2023,Male,8th Floor
690,Royce,Stanislaus,Veitch,10/10/2023,Male,Apt 1866
691,Jerrilyn,Vikki,Lorkings,10/13/2023,Female,Suite 65
692,Blake,Prince,Maroney,9/7/2023,Male,Apt 1643
693,Lelah,Loella,Domleo,8/9/2023,Female,PO Box 28950
694,Fredelia,Arlana,Mutimer,8/31/2023,Female,10th Floor
695,Olag,Shay,Santi,9/6/2023,Male,19th Floor
696,Chariot,Alleyn,Junes,11/22/2023,Male,Room 1405
697,Selie,Valida,Lamborne,11/24/2023,Female,Suite 21
698,Saba,Gussy,Strattan,8/30/2023,Female,Apt 941
699,Ofella,Rycca,Pattisson,10/25/2023,Female,5th Floor
700,Ase,Foster,Gaspard,2/20/2023,Male,PO Box 42959
701,Rodrick,Ara,Pemble,1/3/2024,Male,6th Floor
702,Tanny,Boyd,Tanslie,1/19/2024,Male,Room 785
703,Woodie,Aurlie,Longmaid,10/27/2023,Non-binary,Room 1070
704,Amii,Keslie,Conlon,12/11/2023,Female,17th Floor
705,Alleyn,Otho,Gregoraci,3/17/2023,Male,PO Box 33931
706,Eddie,Louisa,Duns,6/26/2023,Female,16th Floor
707,Garth,Chickie,Cowup,5/9/2023,Male,PO Box 589
708,Tracy,Aldon,Farnorth,11/14/2023,Male,2nd Floor
709,Carl,Artus,Bynert,12/14/2023,Male,Suite 74
710,Derrick,Tripp,Pitkeathley,9/4/2023,Male,Suite 26
711,Millicent,Constantine,Hofner,2/11/2023,Female,Suite 23
712,Ulrike,Jeana,Wardhough,9/24/2023,Female,14th Floor
713,Britte,Renata,Bracey,8/13/2023,Female,PO Box 68007
714,Cal,Leonidas,Malamore,7/25/2023,Male,Apt 1156
715,Bengt,Dag,Rimell,4/25/2023,Male,Apt 363
716,Hinda,Gussi,Draaisma,7/14/2023,Female,Apt 1551
717,Gladys,Chloris,Dightham,3/8/2023,Female,Apt 581
718,Gladi,Tiffy,Eggerton,2/21/2023,Female,Room 321
719,Pace,Manfred,Tant,9/24/2023,Male,Room 161
720,Valentijn,Cleveland,Fauguel,10/28/2023,Male,Room 536
721,Katine,Enriqueta,Caldeiro,10/28/2023,Female,7th Floor
722,Raven,Gray,Choppen,7/8/2023,Female,Room 366
723,Maryann,Tammi,Biasioni,6/6/2023,Female,Apt 1550
724,Aluin,Nero,Cordeix,10/9/2023,Male,Apt 1131
725,Monika,Cornela,Cordier,11/25/2023,Female,Room 1259
726,Lyndsey,Amara,Brake,4/28/2023,Female,Room 71
727,Frederick,Hilton,Welsby,12/10/2023,Male,PO Box 12281
728,Duffy,Felicity,Shearsby,11/30/2023,Polygender,PO Box 3139
729,Legra,Viviyan,Stooders,1/1/2024,Female,14th Floor
730,Gillie,Candice,Muspratt,8/15/2023,Female,5th Floor
731,Lin,Jermayne,Soper,4/29/2023,Male,Suite 31
732,Sela,Meagan,Zammitt,11/8/2023,Female,16th Floor
733,Maressa,Naoma,Cobbled,9/16/2023,Female,15th Floor
734,Janeczka,Valeria,Casserly,4/9/2023,Female,Suite 81
735,Carlita,Wenona,Hammor,8/18/2023,Female,Apt 266
736,Ward,Ancell,Kendrew,5/19/2023,Male,Room 1813
737,Hagan,Aloysius,Stranahan,2/3/2024,Male,Apt 255
738,Esra,Niven,Hawkswell,7/3/2023,Male,Apt 1366
739,Frasier,Nico,Brugmann,3/3/2023,Male,Suite 19
740,Abrahan,Erhard,Ortiger,4/17/2023,Male,15th Floor
741,Cullan,Jammal,Clutram,12/18/2023,Male,Apt 1494
742,Garrott,Sherm,Benner,1/6/2024,Male,Room 1370
743,Harrie,Ronni,Wallhead,3/2/2023,Female,Apt 1926
744,Galven,Martainn,Bowkley,3/22/2023,Male,Suite 45
745,Marybelle,Corina,Atteridge,1/26/2024,Female,Suite 69
746,Klement,Ange,Rutherfoord,4/30/2023,Male,Apt 1753
747,Jere,Anson,Eagle,11/15/2023,Male,Suite 8
748,Jaimie,Catlin,Poker,10/16/2023,Female,Suite 47
749,Emeline,Francesca,Redpath,3/25/2023,Female,Suite 45
750,Normand,Bastien,Asche,10/30/2023,Male,Room 127
751,Ole,Angus,Widmoor,2/18/2023,Male,PO Box 98949
752,Mindy,Rickie,Stitson,4/24/2023,Female,3rd Floor
753,Fidel,Leelah,Baribal,12/7/2023,Non-binary,14th Floor
754,Nat,Culley,Hickeringill,1/3/2024,Male,Apt 162
755,Jorge,Sheffie,Tatchell,6/28/2023,Male,Suite 68
756,Derry,Saxe,Jorcke,7/18/2023,Male,18th Floor
757,Ira,Timi,Arghent,5/16/2023,Female,Apt 1598
758,Zedekiah,Delaney,Doud,2/11/2023,Male,Suite 44
759,Lesly,Lian,Choupin,12/12/2023,Female,Suite 71
760,Shanan,Fitzgerald,Davidovici,11/30/2023,Male,12th Floor
761,Les,Forest,Cathrall,11/30/2023,Male,Suite 78
762,Diann,Felipa,Thom,3/5/2023,Female,Room 1679
763,Emmi,Tarra,Mantram,7/4/2023,Female,Suite 79
764,Gallard,Janek,MacIlhagga,2/7/2023,Male,Apt 668
765,Gloriana,Kaitlynn,Copp,9/22/2023,Female,2nd Floor
766,Audry,Editha,Tegler,2/9/2023,Female,PO Box 85870
767,Elke,Nancie,Kofax,11/28/2023,Female,Suite 80
768,Silvanus,Niko,Piatkow,11/23/2023,Male,PO Box 65556
769,Rorie,Toby,MacCague,10/4/2023,Female,5th Floor
770,Cheri,Beverley,Lanceter,12/5/2023,Female,PO Box 80599
771,Sibbie,Dell,McMillan,7/4/2023,Female,PO Box 9882
772,Calv,Mason,Barrar,5/14/2023,Male,Suite 84
773,Irv,Nadean,Deeny,2/14/2023,Genderfluid,PO Box 97798
774,Merridie,Roxie,Whisker,7/19/2023,Female,Room 213
775,Binni,Harriott,Dallas,4/10/2023,Female,Suite 84
776,Evvy,Moira,Cuttin,10/27/2023,Female,Apt 545
777,Lucia,Andeee,Hanstock,9/28/2023,Female,12th Floor
778,Clara,Feliza,Lindgren,2/16/2023,Female,PO Box 12092
779,Westbrook,Samuele,Buffey,4/2/2023,Male,Apt 535
780,Ortensia,Belva,Clementi,2/1/2024,Non-binary,Suite 45
781,Appolonia,Judy,Veck,2/13/2023,Female,Room 1537
782,Joshua,Melamie,Lean,2/10/2023,Bigender,Room 506
783,Guenevere,Darlene,Daout,6/8/2023,Female,13th Floor
784,Madelyn,Karrie,Redmond,12/18/2023,Female,PO Box 6542
785,Bernhard,Filbert,Yeabsley,12/14/2023,Male,Suite 89
786,Janka,Lori,Gaines,8/12/2023,Female,2nd Floor
787,Demetra,Kiley,Albutt,7/5/2023,Female,11th Floor
788,Nikolos,Otto,Brazer,2/1/2024,Male,PO Box 4213
789,Simon,Nikita,Parris,7/7/2023,Male,5th Floor
790,Willi,Genevieve,Sleite,9/30/2023,Female,Room 1615
791,Perice,Alonso,Wallington,12/2/2023,Male,PO Box 53578
792,Carla,Alvinia,Lamar,1/16/2024,Female,Apt 1754
793,Giustino,Andris,Wrotchford,7/18/2023,Male,PO Box 59882
794,Malena,Kassie,Oxterby,7/31/2023,Female,Suite 55
795,Sallee,Gabriellia,Drowsfield,7/29/2023,Female,Room 789
796,Paola,Lethia,Middup,2/28/2023,Female,Suite 63
797,Erinn,Julianne,Strond,5/30/2023,Female,Suite 31
798,Bunni,Laureen,Meier,5/13/2023,Female,Suite 16
799,Sheela,Iolanthe,Monckman,11/1/2023,Female,Apt 512
800,Mario,Giraldo,Hanselman,2/2/2024,Male,Apt 16
801,Burr,Giuseppe,Leaburn,8/6/2023,Male,10th Floor
802,Raddy,Hewe,Shute,6/20/2023,Male,4th Floor
803,Anatole,Cirillo,Marquis,12/24/2023,Male,Apt 526
804,Pamelina,Tessie,Hebburn,3/24/2023,Female,9th Floor
805,Catlee,Laurent,Basham,3/24/2023,Bigender,18th Floor
806,Adelaida,Angy,Cristol,6/6/2023,Female,Suite 52
807,Helena,Theresa,Moffett,3/13/2023,Female,PO Box 96852
808,Gunar,Maxwell,Hassent,3/12/2023,Male,PO Box 61322
809,Sapphira,Carmelia,MacCallion,7/1/2023,Female,13th Floor
810,Abbye,Erina,Underhill,2/6/2023,Female,Apt 794
811,Keslie,Xenia,Castilljo,5/12/2023,Female,Apt 713
812,Silvio,Rayner,McKenna,11/11/2023,Male,Apt 1913
813,Neal,Dexter,Yedy,2/7/2023,Male,Room 200
814,Jodie,Demetrius,Beech,11/23/2023,Male,PO Box 70388
815,Marlow,Denver,Ruse,3/27/2023,Male,2nd Floor
816,Barron,Wittie,Janoch,8/29/2023,Male,Suite 70
817,Ralina,Dinah,O'Caherny,4/20/2023,Non-binary,Apt 711
818,Gallagher,Welbie,Sedcole,1/24/2024,Male,13th Floor
819,Nicoline,Thia,Benjefield,3/8/2023,Female,PO Box 84045
820,Somerset,Dwain,Klimkov,11/1/2023,Male,PO Box 80446
821,Simonne,Johanna,Guppie,2/7/2023,Female,Suite 93
822,Lars,Jo,Gall,12/25/2023,Male,13th Floor
823,Dominic,Ely,Cleatherow,6/19/2023,Male,Suite 70
824,Cal,Milena,Shergold,1/13/2024,Female,Room 1975
825,Whitney,Myca,Kahler,8/12/2023,Male,Apt 1278
826,Katya,Vilhelmina,MacKintosh,10/21/2023,Female,Room 1057
827,Holli,Maryann,Jedrzejczyk,9/6/2023,Female,PO Box 26022
828,Orland,Carling,Shepherdson,1/5/2024,Male,5th Floor
829,Ignaz,Guntar,Barz,5/26/2023,Male,14th Floor
830,Borden,Erhart,Hartus,4/3/2023,Male,PO Box 95743
831,Antony,Husein,Pardie,5/6/2023,Male,Room 528
832,Casi,Cirstoforo,Horbart,2/12/2023,Genderqueer,10th Floor
833,Emmaline,Audrie,Platt,4/25/2023,Female,PO Box 52196
834,Eloisa,Stephanus,Mitten,12/15/2023,Genderfluid,Suite 56
835,Duane,Malachi,Cushworth,6/21/2023,Male,Room 1016
836,Fredric,Cris,Jamblin,8/4/2023,Male,19th Floor
837,Cully,Abel,Petrelli,3/2/2023,Male,Apt 1471
838,Tremayne,Clemente,Renish,7/3/2023,Male,Suite 78
839,Rutledge,Chadd,Livesley,10/25/2023,Male,PO Box 16709
840,Ardith,Daune,Machin,1/22/2024,Female,Apt 1970
841,Franky,Lillis,Coetzee,1/22/2024,Female,Room 648
842,Franny,Edgard,Suett,1/1/2024,Male,Suite 67
843,Marylou,Lucienne,Hubbard,10/17/2023,Female,Apt 284
844,Zachery,Ric,Goodbar,7/8/2023,Male,Suite 17
845,Albert,Guillermo,Stilling,1/2/2024,Male,Room 1376
846,Jeremie,Mattie,Melior,3/1/2023,Bigender,PO Box 76012
847,Timmi,Elfreda,Gawthorp,5/25/2023,Female,17th Floor
848,Adria,Rosa,Colcomb,11/27/2023,Female,Apt 1482
849,Brigg,Giacopo,Bransom,6/29/2023,Bigender,PO Box 35778
850,Emelda,Ericka,Wordsley,12/12/2023,Female,Room 1435
851,Ninetta,Heloise,Daine,12/20/2023,Female,Suite 9
852,Franchot,Cleveland,Daveran,2/13/2023,Male,Room 51
853,Christina,Channa,Whittock,6/2/2023,Female,PO Box 42384
854,Darb,Cecilio,Walewicz,10/5/2023,Male,PO Box 59504
855,Fanni,Camel,Duffield,12/25/2023,Female,PO Box 31754
856,Shannen,Mariette,Hazelden,1/19/2024,Female,Apt 1168
857,Almira,Evey,Degan,8/8/2023,Female,PO Box 56427
858,Griswold,Augustine,Akers,8/17/2023,Male,Room 926
859,Roma,Courtney,Oolahan,6/4/2023,Polygender,Suite 88
860,Kimble,Jacobo,Okenden,5/1/2023,Male,Apt 72
861,Leona,Pippy,Winterbourne,4/5/2023,Genderfluid,Suite 22
862,Korney,Brenn,Beadon,12/16/2023,Female,Apt 93
863,Gina,Deonne,Lotze,4/11/2023,Female,4th Floor
864,Jobey,Shaine,Gilliam,1/11/2024,Female,PO Box 34051
865,Stanislaus,Adolpho,Mundee,2/27/2023,Male,15th Floor
866,Bride,Peta,Swaffer,5/2/2023,Female,PO Box 75779
867,Zelma,Shelia,Stothart,6/12/2023,Female,Apt 878
868,Elane,Brennen,Maureen,8/29/2023,Genderqueer,Apt 346
869,Nathalie,Ginger,Chate,7/3/2023,Female,5th Floor
870,Savina,Idette,Fearn,9/4/2023,Agender,Suite 14
871,Delcina,Germaine,Pencost,6/5/2023,Female,16th Floor
872,Elvyn,Stanford,O'Hartigan,2/7/2023,Male,1st Floor
873,Jessy,Evey,Pauly,10/4/2023,Female,PO Box 29314
874,Fayre,Tatiania,Hockey,5/14/2023,Female,18th Floor
875,Magdaia,Cari,Kilius,3/2/2023,Female,9th Floor
876,Bran,Garner,Tremouille,6/4/2023,Male,10th Floor
877,Consuelo,Hedi,Strood,5/4/2023,Female,Suite 93
878,Wash,Bertrand,Papes,3/25/2023,Male,PO Box 96788
879,Cyndy,Shela,Parrington,11/27/2023,Female,14th Floor
880,Iain,Rory,Bustin,2/24/2023,Male,Suite 20
881,Florian,Anthony,Sworn,1/25/2024,Male,PO Box 34833
882,Delaney,Ellsworth,Pyer,3/15/2023,Male,Apt 1527
883,Vanya,Cyrillus,Debney,10/22/2023,Male,Suite 7
884,Amble,Mace,Backman,6/21/2023,Male,Apt 1426
885,Wash,Paulina,Widdowfield,5/8/2023,Bigender,Apt 982
886,Pen,Bailie,Perse,8/20/2023,Male,Suite 31
887,Yovonnda,Myrtle,Dickerson,10/23/2023,Female,Suite 5
888,Teresa,Skyler,Inwood,1/4/2024,Genderfluid,20th Floor
889,Guthry,Tanny,Jorat,5/5/2023,Male,8th Floor
890,Arden,Frankie,Brasher,11/1/2023,Female,Room 727
891,Judy,Debbie,Bransden,9/10/2023,Female,Room 1574
892,Kiley,Christiane,Birdseye,4/21/2023,Female,19th Floor
893,Pauline,Martguerita,Anney,8/1/2023,Female,Suite 70
894,Jeremias,Amby,Bendel,5/23/2023,Male,Room 1207
895,Hyacinthe,Ines,Glasson,12/6/2023,Female,PO Box 57835
896,Ann,Donna,Lupson,1/20/2024,Female,Suite 83
897,Irv,Newton,Withers,11/14/2023,Male,Suite 12
898,Cully,Rip,Overshott,11/29/2023,Male,Apt 1294
899,Reece,Wald,Sterricker,2/19/2023,Male,PO Box 87082
900,Irena,Emera,Brunel,10/23/2023,Female,PO Box 45810
901,Wally,Sher,Cruttenden,11/13/2023,Bigender,Suite 59
902,Rosie,Ibby,Sweeney,3/2/2023,Female,11th Floor
903,Griz,Ingrim,Beeton,6/6/2023,Male,10th Floor
904,Cindelyn,Lorena,Scowcroft,11/26/2023,Female,Suite 25
905,Hazel,Babbie,Hinz,3/25/2023,Non-binary,Suite 20
906,Lenore,Amargo,Dingsdale,6/11/2023,Female,Apt 976
907,Emelina,Wynny,Megson,4/4/2023,Female,PO Box 53198
908,Redford,Law,Summers,9/11/2023,Male,PO Box 21013
909,Lindsey,Marketa,Castles,8/7/2023,Female,Apt 775
910,Kara,Shantee,Harbinson,9/18/2023,Female,PO Box 1104
911,Kaylyn,Susanne,Stearn,7/10/2023,Female,PO Box 80730
912,Ave,Niven,Hiseman,11/5/2023,Male,Suite 42
913,Robinet,Cristi,Cristofor,9/10/2023,Female,Apt 1094
914,Bentlee,Kristian,Borless,10/29/2023,Male,Room 1337
915,Sascha,Judas,Markie,5/29/2023,Male,14th Floor
916,Evangeline,Ruth,Pavia,6/30/2023,Female,Room 501
917,Thorpe,Emmett,Lennard,2/28/2023,Male,PO Box 85708
918,Bellina,Cinda,Crimp,1/6/2024,Female,Room 156
919,Stephenie,Karyn,Jills,6/1/2023,Female,Room 544
920,Hurley,Reade,Nisuis,12/20/2023,Male,Room 1920
921,Nerissa,Nancy,Phillpotts,7/8/2023,Female,Room 795
922,Enrico,Graig,Andersson,7/18/2023,Male,Room 934
923,Cherey,Tarah,Coalburn,6/22/2023,Polygender,9th Floor
924,Harlan,Chev,Heffer,6/25/2023,Male,PO Box 27250
925,Gaultiero,Ferrell,Peerless,3/16/2023,Male,Suite 98
926,Addy,Stephine,Cancellario,12/21/2023,Female,Apt 1691
927,Annadiana,Kaja,Ruddle,1/15/2024,Female,PO Box 49732
928,Mercy,Alisun,Murkin,7/2/2023,Female,Apt 1311
929,Borden,Avictor,Spencock,6/20/2023,Male,Room 679
930,Cassandre,Trescha,Hawtrey,2/21/2023,Female,Room 80
931,Edd,Binky,Husband,8/14/2023,Male,Apt 497
932,Ronalda,Rosmunda,McMenemy,1/5/2024,Female,Suite 11
933,Meredith,Corella,Leakner,9/7/2023,Female,PO Box 13453
934,Leann,Kelcie,Leggett,6/19/2023,Female,14th Floor
935,Vinita,Lauretta,Brawley,4/22/2023,Female,Apt 1780
936,Dalis,Dorie,Soper,5/8/2023,Male,PO Box 2121
937,Timofei,Jimmy,Corrington,11/8/2023,Male,Apt 1944
938,Trix,Germain,McColley,5/2/2023,Female,Suite 90
939,Clement,Elijah,Ridgway,2/17/2023,Male,Suite 91
940,Collen,Brena,Tunna,7/18/2023,Female,Apt 638
941,Klement,Barret,Carlton,9/5/2023,Polygender,Apt 445
942,Holt,Lucias,Master,2/20/2023,Male,PO Box 85037
943,Ethelin,Maximilien,Resun,7/18/2023,Polygender,Room 880
944,Murry,Herold,Corsham,7/12/2023,Male,PO Box 20281
945,Keane,Shem,McMurty,9/28/2023,Male,Room 618
946,Hester,Marja,Markwell,7/7/2023,Female,PO Box 17119
947,Trude,Merci,Fyfield,5/23/2023,Female,Suite 5
948,Gael,Sherie,Pawson,11/26/2023,Female,Apt 1039
949,Billie,Phillipp,Kobiera,2/15/2023,Male,Apt 34
950,Marcellina,Joete,Najera,3/19/2023,Female,Room 1360
951,Jdavie,Neddy,Footer,2/1/2024,Male,Room 185
952,Carce,Winn,Denisovo,10/29/2023,Male,Room 679
953,Rickert,Giulio,MacGuffie,2/17/2023,Male,Apt 1390
954,Carri,Lisa,Fluger,12/24/2023,Female,Room 1925
955,Marty,Lilllie,Carroll,5/28/2023,Agender,PO Box 36943
956,Freddy,Guglielma,Stetson,2/27/2023,Non-binary,Room 1977
957,Lezley,Say,Gowman,1/1/2024,Male,PO Box 39824
958,Ancell,Arnie,Simla,4/10/2023,Male,20th Floor
959,Mignonne,Hettie,Baldam,1/20/2024,Female,Suite 25
960,Zacharias,Henderson,Pochet,3/13/2023,Male,Room 1328
961,Stern,Gaylor,Zorzenoni,11/1/2023,Male,Room 29
962,Gusti,Shae,Startin,12/26/2023,Female,Apt 1754
963,Armstrong,Niel,Jamieson,10/16/2023,Male,Suite 58
964,Lamond,Karim,Korous,8/24/2023,Male,PO Box 39012
965,Raynard,Zackariah,Adame,4/18/2023,Male,Apt 1068
966,Sallee,Clarette,Qusklay,6/20/2023,Female,Suite 21
967,Roxana,Wilone,Varnham,6/26/2023,Female,Room 110
968,Roderick,Thorsten,Cosgrave,11/7/2023,Male,Room 1694
969,Cilka,Christian,Leaf,2/25/2023,Female,Room 312
970,Suellen,Marjy,Simonassi,10/16/2023,Female,Room 421
971,Midge,Arlette,Ferreres,11/3/2023,Female,Apt 472
972,Austin,Syd,Speariett,6/23/2023,Male,4th Floor
973,Nehemiah,Kennan,Roxby,1/19/2024,Male,Suite 59
974,Merwyn,Lonnie,Echelle,8/7/2023,Male,Apt 471
975,Margalit,Kimmie,Colebrook,10/27/2023,Female,8th Floor
976,Ben,Hardy,MacLice,3/18/2023,Male,Room 338
977,Riccardo,Penn,O'Currigan,5/4/2023,Male,Apt 1842
978,Lilith,Sher,Lehrahan,7/7/2023,Female,PO Box 91194
979,Fons,Oberon,Roels,9/6/2023,Male,Room 1211
980,Timoteo,Ettore,Pope,1/8/2024,Male,Apt 247
981,Niki,Giorgi,Kittow,9/14/2023,Male,Room 1984
982,Bartholomeo,Luciano,Lentsch,10/12/2023,Male,Apt 275
983,Gianna,Deana,Ducarel,11/15/2023,Female,Apt 974
984,Obidiah,Dene,Adamik,3/1/2023,Male,Suite 8
985,Edgardo,Bengt,Pennycook,11/7/2023,Male,PO Box 80376
986,Rafferty,Harriett,Fateley,5/10/2023,Polygender,Room 286
987,Jewelle,Rois,Fitchett,4/27/2023,Female,Suite 1
988,Dorri,Kristan,Pien,2/6/2023,Female,Apt 1348
989,Konstanze,Joelly,Pleaden,2/4/2024,Female,Suite 73
990,Scarlett,Hermia,Barraclough,7/22/2023,Female,Suite 82
991,Pavel,Jonathan,Deshon,11/22/2023,Male,Suite 51
992,Arv,Horatio,Bastide,12/29/2023,Male,PO Box 60290
993,Tiertza,Barbette,Odney,3/1/2023,Female,6th Floor
994,Lorenzo,Piotr,Wann,7/23/2023,Polygender,18th Floor
995,Garfield,Salomo,Plett,3/19/2023,Male,PO Box 45040
996,Marie-jeanne,Kati,Ties,11/30/2023,Female,PO Box 30790
997,Rick,Menard,Markwick,9/8/2023,Male,Room 1414
998,Liv,Dierdre,Bignal,11/1/2023,Genderfluid,Apt 939
999,Velvet,Estrellita,Hardin,11/30/2023,Female,PO Box 95967
1000,Paula,Wiatt,Veall,2/14/2023,Bigender,Room 1491
